id;name;email;created_at
RW6065;JON YANG;jon24@adventure-works.com;2024-05-15 13:30:00
IZ6732;EUGENE HUANG;eugene10@adventure-works.com;2024-05-15 13:34:00
WB7662;RUBEN TORRES;ruben35@adventure-works.com;2024-05-15 13:38:00
SU7989;CHRISTY ZHU;christy12@adventure-works.com;2024-05-15 13:42:00
YZ6738;ELIZABETH JOHNSON;elizabeth5@adventure-works.com;2024-05-15 13:46:00
MV5719;JULIO RUIZ;julio1@adventure-works.com;2024-05-15 13:50:00
BR2618;MARCO MEHTA;marco14@adventure-works.com;2024-05-15 13:54:00
WW6048;ROBIN VERHOFF;rob4@adventure-works.com;2024-05-15 13:58:00
VG6492;SHANNON CARLSON;shannon38@adventure-works.com;2024-05-15 14:02:00
OY4949;JACQUELYN SUAREZ;jacquelyn20@adventure-works.com;2024-05-15 14:06:00
EN2326;CURTIS LU;curtis9@adventure-works.com;2024-05-15 14:10:00
DM9669;LAUREN WALKER;lauren41@adventure-works.com;2024-05-15 14:14:00
MM2349;IAN JENKINS;ian47@adventure-works.com;2024-05-15 14:18:00
NJ0686;SYDNEY BENNETT;sydney23@adventure-works.com;2024-05-15 14:22:00
ZO1792;CHLOE YOUNG;chloe23@adventure-works.com;2024-05-15 14:26:00
CA3616;WYATT HILL;wyatt32@adventure-works.com;2024-05-15 14:30:00
GT0232;SHANNON WANG;shannon1@adventure-works.com;2024-05-15 14:34:00
XP6344;CLARENCE RAI;clarence32@adventure-works.com;2024-05-15 14:38:00
YP0630;LUKE LAL;luke18@adventure-works.com;2024-05-15 14:42:00
JS7233;JORDAN KING;jordan73@adventure-works.com;2024-05-15 14:46:00
YZ8302;DESTINY WILSON;destiny7@adventure-works.com;2024-05-15 14:50:00
EQ5031;ETHAN ZHANG;ethan20@adventure-works.com;2024-05-15 14:54:00
KJ6302;SETH EDWARDS;seth46@adventure-works.com;2024-05-15 14:58:00
KT0033;RUSSELL XIE;russell7@adventure-works.com;2024-05-15 15:02:00
AM8799;ALEJANDRO BECK;alejandro45@adventure-works.com;2024-05-15 15:06:00
BD7705;HAROLD SAI;harold3@adventure-works.com;2024-05-15 15:10:00
FH3994;JESSIE ZHAO;jessie16@adventure-works.com;2024-05-15 15:14:00
OA7457;JILL JIMENEZ;jill13@adventure-works.com;2024-05-15 15:18:00
LD0735;JIMMY MORENO;jimmy9@adventure-works.com;2024-05-15 15:22:00
AB1976;BETHANY YUAN;bethany10@adventure-works.com;2024-05-15 15:26:00
OL2717;THERESA RAMOS;theresa13@adventure-works.com;2024-05-15 15:30:00
YX0319;DENISE STONE;denise10@adventure-works.com;2024-05-15 15:34:00
QZ7035;JAIME NATH;jaime41@adventure-works.com;2024-05-15 15:38:00
YL7995;EBONY GONZALEZ;ebony19@adventure-works.com;2024-05-15 15:42:00
WS4471;WENDY DOMINGUEZ;wendy12@adventure-works.com;2024-05-15 15:46:00
PF1965;JENNIFER RUSSELL;jennifer93@adventure-works.com;2024-05-15 15:50:00
DC0178;CHLOE GARCIA;chloe27@adventure-works.com;2024-05-15 15:54:00
UJ5490;DIANA HERNANDEZ;diana2@adventure-works.com;2024-05-15 15:58:00
OL0302;MARC MARTIN;marc3@adventure-works.com;2024-05-15 16:02:00
EO9027;JESSE MURPHY;jesse15@adventure-works.com;2024-05-15 16:06:00
DF3464;AMANDA CARTER;amanda53@adventure-works.com;2024-05-15 16:10:00
UU2604;MEGAN SANCHEZ;megan28@adventure-works.com;2024-05-15 16:14:00
TT9047;NATHAN SIMMONS;nathan11@adventure-works.com;2024-05-15 16:18:00
OD2523;ADAM FLORES;adam10@adventure-works.com;2024-05-15 16:22:00
MF0891;LEONARD NARA;leonard18@adventure-works.com;2024-05-15 16:26:00
AW9257;CHRISTINE YUAN;christine4@adventure-works.com;2024-05-15 16:30:00
IR0500;JACLYN LU;jaclyn12@adventure-works.com;2024-05-15 16:34:00
EG2610;JEREMY POWELL;jeremy26@adventure-works.com;2024-05-15 16:38:00
BE4587;CAROL RAI;carol8@adventure-works.com;2024-05-15 16:42:00
NF1269;ALAN ZHENG;alan23@adventure-works.com;2024-05-15 16:46:00
BB7042;DANIEL JOHNSON;daniel18@adventure-works.com;2024-05-15 16:50:00
CD8493;HEIDI LOPEZ;heidi19@adventure-works.com;2024-05-15 16:54:00
IF7920;ANA PRICE;ana0@adventure-works.com;2024-05-15 16:58:00
RA6369;DEANNA MUNOZ;deanna33@adventure-works.com;2024-05-15 17:02:00
SV8567;GILBERT RAJE;gilbert35@adventure-works.com;2024-05-15 17:06:00
RX5161;MICHELE NATH;michele19@adventure-works.com;2024-05-15 17:10:00
QD6415;CARL ANDERSEN;carl12@adventure-works.com;2024-05-15 17:14:00
TO7030;MARC DIAZ;marc6@adventure-works.com;2024-05-15 17:18:00
VM9170;ASHLEE ANDERSEN;ashlee19@adventure-works.com;2024-05-15 17:22:00
ME6313;JON ZHOU;jon28@adventure-works.com;2024-05-15 17:26:00
UD5673;TODD GAO;todd14@adventure-works.com;2024-05-15 17:30:00
HG1709;NOAH POWELL;noah5@adventure-works.com;2024-05-15 17:34:00
LK6841;ANGELA MURPHY;angela41@adventure-works.com;2024-05-15 17:38:00
QB9653;CHASE REED;chase21@adventure-works.com;2024-05-15 17:42:00
DA7251;JESSICA HENDERSON;jessica29@adventure-works.com;2024-05-15 17:46:00
DU0292;GRACE BUTLER;grace62@adventure-works.com;2024-05-15 17:50:00
FV9913;CALEB CARTER;caleb40@adventure-works.com;2024-05-15 17:54:00
RA1725;TIFFANY LIANG;tiffany17@adventure-works.com;2024-05-15 17:58:00
WO3197;CAROLYN NAVARRO;carolyn30@adventure-works.com;2024-05-15 18:02:00
QG8570;WILLIE RAJI;willie40@adventure-works.com;2024-05-15 18:06:00
JQ5822;LINDA SERRANO;linda31@adventure-works.com;2024-05-15 18:10:00
VF7968;CASEY LUO;casey6@adventure-works.com;2024-05-15 18:14:00
ZZ7643;AMY YE;amy16@adventure-works.com;2024-05-15 18:18:00
VO7326;LEVI ARUN;levi6@adventure-works.com;2024-05-15 18:22:00
TJ8558;FELICIA JIMENEZ;felicia4@adventure-works.com;2024-05-15 18:26:00
GT9653;BLAKE ANDERSON;blake9@adventure-works.com;2024-05-15 18:30:00
RX2342;LEAH YE;leah7@adventure-works.com;2024-05-15 18:34:00
WY7444;GINA MARTIN;gina1@adventure-works.com;2024-05-15 18:38:00
AS5793;DONALD GONZALEZ;donald20@adventure-works.com;2024-05-15 18:42:00
LB0878;DAMIEN CHANDER;damien32@adventure-works.com;2024-05-15 18:46:00
QT5848;SAVANNAH BAKER;savannah39@adventure-works.com;2024-05-15 18:50:00
PY3839;ANGELA BUTLER;angela17@adventure-works.com;2024-05-15 18:54:00
RF9547;ALYSSA COX;alyssa37@adventure-works.com;2024-05-15 18:58:00
OE4602;LUCAS PHILLIPS;lucas7@adventure-works.com;2024-05-15 19:02:00
HA0566;EMILY JOHNSON;emily1@adventure-works.com;2024-05-15 19:06:00
VX8537;RYAN BROWN;ryan43@adventure-works.com;2024-05-15 19:10:00
WI1161;TAMARA LIANG;tamara6@adventure-works.com;2024-05-15 19:14:00
SH2158;ABIGAIL PRICE;abigail25@adventure-works.com;2024-05-15 19:18:00
JA9988;TREVOR BRYANT;trevor18@adventure-works.com;2024-05-15 19:22:00
DG2348;DALTON PEREZ;dalton37@adventure-works.com;2024-05-15 19:26:00
FF0589;CHERYL DIAZ;cheryl4@adventure-works.com;2024-05-15 19:30:00
FQ8056;AIMEE HE;aimee13@adventure-works.com;2024-05-15 19:34:00
JO8512;CEDRIC MA;cedric15@adventure-works.com;2024-05-15 19:38:00
NN9433;CHAD KUMAR;chad9@adventure-works.com;2024-05-15 19:42:00
CV2206;ANDRÉS ANAND;andrés18@adventure-works.com;2024-05-15 19:46:00
FO7629;EDWIN NARA;edwin39@adventure-works.com;2024-05-15 19:50:00
DG2406;MALLORY RUBIO;mallory7@adventure-works.com;2024-05-15 19:54:00
DU9691;ADAM ROSS;adam2@adventure-works.com;2024-05-15 19:58:00
PN9331;LATASHA NAVARRO;latasha10@adventure-works.com;2024-05-15 20:02:00